Layer,k,Precision,Recall,F1,RMSE,MAE,Spearman,Kendall,N
Hospital(S_true vs S_syn),3,1.0,1.0,1.0,0.4448873330414643,0.2732895051593244,1.0,1.0,4
Hospital(S_true vs S_syn),4,1.0,1.0,1.0,0.4448873330414643,0.2732895051593244,1.0,1.0,4
Department(S_true vs S_syn),3,0.6666666666666666,0.6666666666666666,0.6666666666666666,0.6661128078842962,0.5729504544284933,-0.39999999999999997,-0.3333333333333334,4
Department(S_true vs S_syn),4,1.0,1.0,1.0,0.6661128078842962,0.5729504544284933,-0.39999999999999997,-0.3333333333333334,4
Doctor(S_true vs S_syn),3,0.6666666666666666,0.6666666666666666,0.6666666666666666,0.46429307965498173,0.3087653895900448,0.8999999999999998,0.7999999999999999,5
Doctor(S_true vs S_syn),5,1.0,1.0,1.0,0.46429307965498173,0.3087653895900448,0.8999999999999998,0.7999999999999999,5
